Abbreviation,TeamName,QualifyingPosition,GridPenalty,ActualStartingGrid,ExpectedFinish,MedianFinish,WinProbability,Top3Probability,Top5Probability,PointsProbability,P5,P25,P50,P75,P95,MLExpectedFinish,PredictedPosition
VER,Red Bull Racing,1,0,1,4.45,3,30.0,59.93,75.65,90.26,1,1,3,5,17,3.57,1
HAM,Ferrari,2,0,2,5.52,4,18.02,46.43,65.23,86.49,1,2,4,7,18,5.27,2
ANT,Mercedes,4,-1,3,5.79,4,15.6,43.42,62.3,85.38,1,2,4,8,19,5.64,3
RUS,Mercedes,8,-1,7,6.99,6,8.86,30.05,48.96,79.83,1,3,6,9,19,7.21,4
PIA,McLaren,7,-1,6,7.15,6,8.26,28.51,47.94,78.54,1,3,6,10,20,7.25,5
LEC,Ferrari,5,-1,4,7.39,6,7.18,26.42,45.35,77.44,1,3,6,10,20,7.6,6
NOR,McLaren,6,-1,5,8.99,8,3.38,15.18,30.74,66.32,2,5,8,12,20,9.45,7
HAD,Red Bull Racing,3,5,8,9.96,9,2.18,10.53,22.92,58.72,2,6,9,13,21,10.5,8
GAS,Alpine,9,0,9,10.14,9,1.85,9.62,21.42,57.22,3,6,9,14,21,10.7,9
BOR,Audi,10,0,10,10.76,10,1.43,7.68,17.68,51.57,3,7,10,14,21,11.33,10
LAW,Racing Bulls,11,0,11,10.79,10,1.27,7.58,17.97,51.49,3,7,10,14,21,11.27,11
ALO,Aston Martin,12,0,12,11.77,11,0.75,4.78,12.3,43.44,4,8,11,16,21,12.37,12
SAI,Williams,13,0,13,13.12,13,0.35,2.46,7.28,31.56,5,9,13,17,21,13.74,13
HUL,Audi,17,-2,15,13.29,13,0.31,2.26,6.78,30.64,5,10,13,17,21,13.9,14
STR,Aston Martin,14,0,14,14.18,15,0.15,1.42,4.42,23.54,6,11,15,18,21,14.86,15
OCO,Haas F1 Team,19,-2,17,14.66,15,0.1,1.12,3.67,20.15,6,11,15,18,22,15.37,16
COL,Alpine,15,6,21,14.9,15,0.11,0.96,3.09,18.86,6,12,15,19,22,15.64,17
BEA,Haas F1 Team,18,-2,16,15.27,16,0.1,0.8,2.59,16.35,7,12,16,19,22,15.96,18
LIN,Racing Bulls,16,6,22,15.74,16,0.04,0.5,1.96,13.45,8,13,16,19,22,16.54,19
ALB,Williams,20,-2,18,16.88,18,0.02,0.18,0.84,8.07,9,15,18,20,22,17.98,20
BOT,Cadillac,21,-2,19,17.19,18,0.02,0.16,0.64,6.98,10,15,18,20,22,18.39,21
PER,Cadillac,22,-2,20,18.09,19,0.01,0.04,0.26,3.72,11,16,19,21,22,19.67,22
