DriverNumber,BroadcastName,Abbreviation,DriverId,TeamName,TeamColor,TeamId,FirstName,LastName,FullName,HeadshotUrl,CountryCode,Position,ClassifiedPosition,GridPosition,Q1,Q2,Q3,Time,Status,Points,Laps,Year,Race,Session
11,S PEREZ,PER,perez,Red Bull Racing,0600EF,red_bull,Sergio,Perez,Sergio Perez,https://www.formula1.com/content/dam/fom-website/drivers/S/SERPER01_Sergio_Perez/serper01.png.transform/1col/image.png,,1.0,1,6.0,,,,0 days 02:13:36.410000,Finished,25.0,51.0,2021,Azerbaijan Grand Prix,Race
5,S VETTEL,VET,vettel,Aston Martin,006F62,aston_martin,Sebastian,Vettel,Sebastian Vettel,https://www.formula1.com/content/dam/fom-website/drivers/S/SEBVET01_Sebastian_Vettel/sebvet01.png.transform/1col/image.png,,2.0,2,11.0,,,,0 days 00:00:01.385000,Finished,18.0,51.0,2021,Azerbaijan Grand Prix,Race
10,P GASLY,GAS,gasly,AlphaTauri,2B4562,alphatauri,Pierre,Gasly,Pierre Gasly,https://www.formula1.com/content/dam/fom-website/drivers/P/PIEGAS01_Pierre_Gasly/piegas01.png.transform/1col/image.png,,3.0,3,4.0,,,,0 days 00:00:02.762000,Finished,15.0,51.0,2021,Azerbaijan Grand Prix,Race
16,C LECLERC,LEC,leclerc,Ferrari,DC0004,ferrari,Charles,Leclerc,Charles Leclerc,https://www.formula1.com/content/dam/fom-website/drivers/C/CHALEC01_Charles_Leclerc/chalec01.png.transform/1col/image.png,,4.0,4,1.0,,,,0 days 00:00:03.828000,Finished,12.0,51.0,2021,Azerbaijan Grand Prix,Race
4,L NORRIS,NOR,norris,McLaren,FF9800,mclaren,Lando,Norris,Lando Norris,https://www.formula1.com/content/dam/fom-website/drivers/L/LANNOR01_Lando_Norris/lannor01.png.transform/1col/image.png,,5.0,5,9.0,,,,0 days 00:00:04.754000,Finished,10.0,51.0,2021,Azerbaijan Grand Prix,Race
14,F ALONSO,ALO,alonso,Alpine,0090FF,alpine,Fernando,Alonso,Fernando Alonso,https://www.formula1.com/content/dam/fom-website/drivers/F/FERALO01_Fernando_Alonso/feralo01.png.transform/1col/image.png,,6.0,6,8.0,,,,0 days 00:00:06.382000,Finished,8.0,51.0,2021,Azerbaijan Grand Prix,Race
22,Y TSUNODA,TSU,tsunoda,AlphaTauri,2B4562,alphatauri,Yuki,Tsunoda,Yuki Tsunoda,https://www.formula1.com/content/dam/fom-website/drivers/Y/YUKTSU01_Yuki_Tsunoda/yuktsu01.png.transform/1col/image.png,,7.0,7,7.0,,,,0 days 00:00:06.624000,Finished,6.0,51.0,2021,Azerbaijan Grand Prix,Race
55,C SAINZ,SAI,sainz,Ferrari,DC0004,ferrari,Carlos,Sainz,Carlos Sainz,https://www.formula1.com/content/dam/fom-website/drivers/C/CARSAI01_Carlos_Sainz/carsai01.png.transform/1col/image.png,,8.0,8,5.0,,,,0 days 00:00:07.709000,Finished,4.0,51.0,2021,Azerbaijan Grand Prix,Race
3,D RICCIARDO,RIC,ricciardo,McLaren,FF9800,mclaren,Daniel,Ricciardo,Daniel Ricciardo,https://www.formula1.com/content/dam/fom-website/drivers/D/DANRIC01_Daniel_Ricciardo/danric01.png.transform/1col/image.png,,9.0,9,13.0,,,,0 days 00:00:08.874000,Finished,2.0,51.0,2021,Azerbaijan Grand Prix,Race
7,K RAIKKONEN,RAI,raikkonen,Alfa Romeo Racing,900000,alfa,Kimi,Räikkönen,Kimi Räikkönen,https://www.formula1.com/content/dam/fom-website/drivers/K/KIMRAI01_Kimi_R%C3%A4ikk%C3%B6nen/kimrai01.png.transform/1col/image.png,,10.0,10,14.0,,,,0 days 00:00:09.576000,Finished,1.0,51.0,2021,Azerbaijan Grand Prix,Race
99,A GIOVINAZZI,GIO,giovinazzi,Alfa Romeo Racing,900000,alfa,Antonio,Giovinazzi,Antonio Giovinazzi,https://www.formula1.com/content/dam/fom-website/drivers/A/ANTGIO01_Antonio_Giovinazzi/antgio01.png.transform/1col/image.png,,11.0,11,20.0,,,,0 days 00:00:10.254000,Finished,0.0,51.0,2021,Azerbaijan Grand Prix,Race
77,V BOTTAS,BOT,bottas,Mercedes,00D2BE,mercedes,Valtteri,Bottas,Valtteri Bottas,https://www.formula1.com/content/dam/fom-website/drivers/V/VALBOT01_Valtteri_Bottas/valbot01.png.transform/1col/image.png,,12.0,12,10.0,,,,0 days 00:00:11.264000,Finished,0.0,51.0,2021,Azerbaijan Grand Prix,Race
47,M SCHUMACHER,MSC,mick_schumacher,Haas F1 Team,FFFFFF,haas,Mick,Schumacher,Mick Schumacher,https://www.formula1.com/content/dam/fom-website/drivers/M/MICSCH02_Mick_Schumacher/micsch02.png.transform/1col/image.png,,13.0,13,17.0,,,,0 days 00:00:14.241000,Finished,0.0,51.0,2021,Azerbaijan Grand Prix,Race
9,N MAZEPIN,MAZ,mazepin,Haas F1 Team,FFFFFF,haas,Nikita,Mazepin,Nikita Mazepin,https://www.formula1.com/content/dam/fom-website/drivers/N/NIKMAZ01_Nikita_Mazepin/nikmaz01.png.transform/1col/image.png,,14.0,14,18.0,,,,0 days 00:00:14.315000,Finished,0.0,51.0,2021,Azerbaijan Grand Prix,Race
44,L HAMILTON,HAM,hamilton,Mercedes,00D2BE,mercedes,Lewis,Hamilton,Lewis Hamilton,https://www.formula1.com/content/dam/fom-website/drivers/L/LEWHAM01_Lewis_Hamilton/lewham01.png.transform/1col/image.png,,15.0,15,2.0,,,,0 days 00:00:17.668000,Finished,0.0,51.0,2021,Azerbaijan Grand Prix,Race
6,N LATIFI,LAT,latifi,Williams,005AFF,williams,Nicholas,Latifi,Nicholas Latifi,https://www.formula1.com/content/dam/fom-website/drivers/N/NICLAF01_Nicholas_Latifi/niclaf01.png.transform/1col/image.png,,16.0,16,16.0,,,,0 days 00:00:43.379000,Finished,0.0,51.0,2021,Azerbaijan Grand Prix,Race
63,G RUSSELL,RUS,russell,Williams,005AFF,williams,George,Russell,George Russell,https://www.formula1.com/content/dam/fom-website/drivers/G/GEORUS01_George_Russell/georus01.png.transform/1col/image.png,,17.0,R,15.0,,,,,Gearbox,0.0,48.0,2021,Azerbaijan Grand Prix,Race
33,M VERSTAPPEN,VER,max_verstappen,Red Bull Racing,0600EF,red_bull,Max,Verstappen,Max Verstappen,https://www.formula1.com/content/dam/fom-website/drivers/M/MAXVER01_Max_Verstappen/maxver01.png.transform/1col/image.png,,18.0,R,3.0,,,,,Accident,0.0,45.0,2021,Azerbaijan Grand Prix,Race
18,L STROLL,STR,stroll,Aston Martin,006F62,aston_martin,Lance,Stroll,Lance Stroll,https://www.formula1.com/content/dam/fom-website/drivers/L/LANSTR01_Lance_Stroll/lanstr01.png.transform/1col/image.png,,19.0,R,19.0,,,,,Accident,0.0,29.0,2021,Azerbaijan Grand Prix,Race
31,E OCON,OCO,ocon,Alpine,0090FF,alpine,Esteban,Ocon,Esteban Ocon,https://www.formula1.com/content/dam/fom-website/drivers/E/ESTOCO01_Esteban_Ocon/estoco01.png.transform/1col/image.png,,20.0,R,12.0,,,,,Turbo,0.0,3.0,2021,Azerbaijan Grand Prix,Race
1,M VERSTAPPEN,VER,max_verstappen,Red Bull Racing,1e5bc6,red_bull,Max,Verstappen,Max Verstappen,https://www.formula1.com/content/dam/fom-website/drivers/M/MAXVER01_Max_Verstappen/maxver01.png.transform/1col/image.png,NED,1.0,1,3.0,,,,0 days 01:34:05.941000,Finished,25.0,51.0,2022,Azerbaijan Grand Prix,Race
11,S PEREZ,PER,perez,Red Bull Racing,1e5bc6,red_bull,Sergio,Perez,Sergio Perez,https://www.formula1.com/content/dam/fom-website/drivers/S/SERPER01_Sergio_Perez/serper01.png.transform/1col/image.png,MEX,2.0,2,2.0,,,,0 days 00:00:20.823000,Finished,19.0,51.0,2022,Azerbaijan Grand Prix,Race
63,G RUSSELL,RUS,russell,Mercedes,6cd3bf,mercedes,George,Russell,George Russell,https://www.formula1.com/content/dam/fom-website/drivers/G/GEORUS01_George_Russell/georus01.png.transform/1col/image.png,GBR,3.0,3,5.0,,,,0 days 00:00:45.995000,Finished,15.0,51.0,2022,Azerbaijan Grand Prix,Race
44,L HAMILTON,HAM,hamilton,Mercedes,6cd3bf,mercedes,Lewis,Hamilton,Lewis Hamilton,https://www.formula1.com/content/dam/fom-website/drivers/L/LEWHAM01_Lewis_Hamilton/lewham01.png.transform/1col/image.png,GBR,4.0,4,7.0,,,,0 days 00:01:11.679000,Finished,12.0,51.0,2022,Azerbaijan Grand Prix,Race
10,P GASLY,GAS,gasly,AlphaTauri,4e7c9b,alphatauri,Pierre,Gasly,Pierre Gasly,https://www.formula1.com/content/dam/fom-website/drivers/P/PIEGAS01_Pierre_Gasly/piegas01.png.transform/1col/image.png,FRA,5.0,5,6.0,,,,0 days 00:01:17.299000,Finished,10.0,51.0,2022,Azerbaijan Grand Prix,Race
5,S VETTEL,VET,vettel,Aston Martin,2d826d,aston_martin,Sebastian,Vettel,Sebastian Vettel,https://www.formula1.com/content/dam/fom-website/drivers/S/SEBVET01_Sebastian_Vettel/sebvet01.png.transform/1col/image.png,GER,6.0,6,9.0,,,,0 days 00:01:24.099000,Finished,8.0,51.0,2022,Azerbaijan Grand Prix,Race
14,F ALONSO,ALO,alonso,Alpine,2293d1,alpine,Fernando,Alonso,Fernando Alonso,https://www.formula1.com/content/dam/fom-website/drivers/F/FERALO01_Fernando_Alonso/feralo01.png.transform/1col/image.png,ESP,7.0,7,10.0,,,,0 days 00:01:28.596000,Finished,6.0,51.0,2022,Azerbaijan Grand Prix,Race
3,D RICCIARDO,RIC,ricciardo,McLaren,f58020,mclaren,Daniel,Ricciardo,Daniel Ricciardo,https://www.formula1.com/content/dam/fom-website/drivers/D/DANRIC01_Daniel_Ricciardo/danric01.png.transform/1col/image.png,AUS,8.0,8,12.0,,,,0 days 00:01:32.207000,Finished,4.0,51.0,2022,Azerbaijan Grand Prix,Race
4,L NORRIS,NOR,norris,McLaren,f58020,mclaren,Lando,Norris,Lando Norris,https://www.formula1.com/content/dam/fom-website/drivers/L/LANNOR01_Lando_Norris/lannor01.png.transform/1col/image.png,GBR,9.0,9,11.0,,,,0 days 00:01:32.556000,Finished,2.0,51.0,2022,Azerbaijan Grand Prix,Race
31,E OCON,OCO,ocon,Alpine,2293d1,alpine,Esteban,Ocon,Esteban Ocon,https://www.formula1.com/content/dam/fom-website/drivers/E/ESTOCO01_Esteban_Ocon/estoco01.png.transform/1col/image.png,FRA,10.0,10,13.0,,,,0 days 00:01:48.184000,Finished,1.0,51.0,2022,Azerbaijan Grand Prix,Race
77,V BOTTAS,BOT,bottas,Alfa Romeo,b12039,alfa,Valtteri,Bottas,Valtteri Bottas,https://www.formula1.com/content/dam/fom-website/drivers/V/VALBOT01_Valtteri_Bottas/valbot01.png.transform/1col/image.png,FIN,11.0,11,15.0,,,,,+1 Lap,0.0,50.0,2022,Azerbaijan Grand Prix,Race
23,A ALBON,ALB,albon,Williams,37bedd,williams,Alexander,Albon,Alexander Albon,https://www.formula1.com/content/dam/fom-website/drivers/A/ALEALB01_Alexander_Albon/alealb01.png.transform/1col/image.png,THA,12.0,12,17.0,,,,,+1 Lap,0.0,50.0,2022,Azerbaijan Grand Prix,Race
22,Y TSUNODA,TSU,tsunoda,AlphaTauri,4e7c9b,alphatauri,Yuki,Tsunoda,Yuki Tsunoda,https://www.formula1.com/content/dam/fom-website/drivers/Y/YUKTSU01_Yuki_Tsunoda/yuktsu01.png.transform/1col/image.png,JPN,13.0,13,8.0,,,,,+1 Lap,0.0,50.0,2022,Azerbaijan Grand Prix,Race
47,M SCHUMACHER,MSC,mick_schumacher,Haas F1 Team,b6babd,haas,Mick,Schumacher,Mick Schumacher,https://www.formula1.com/content/dam/fom-website/drivers/M/MICSCH02_Mick_Schumacher/micsch02.png.transform/1col/image.png,GER,14.0,14,20.0,,,,,+1 Lap,0.0,50.0,2022,Azerbaijan Grand Prix,Race
6,N LATIFI,LAT,latifi,Williams,37bedd,williams,Nicholas,Latifi,Nicholas Latifi,https://www.formula1.com/content/dam/fom-website/drivers/N/NICLAF01_Nicholas_Latifi/niclaf01.png.transform/1col/image.png,CAN,15.0,15,18.0,,,,,+1 Lap,0.0,50.0,2022,Azerbaijan Grand Prix,Race
18,L STROLL,STR,stroll,Aston Martin,2d826d,aston_martin,Lance,Stroll,Lance Stroll,https://www.formula1.com/content/dam/fom-website/drivers/L/LANSTR01_Lance_Stroll/lanstr01.png.transform/1col/image.png,CAN,16.0,16,19.0,,,,,Vibrations,0.0,46.0,2022,Azerbaijan Grand Prix,Race
20,K MAGNUSSEN,MAG,kevin_magnussen,Haas F1 Team,b6babd,haas,Kevin,Magnussen,Kevin Magnussen,None,DEN,17.0,R,16.0,,,,,Power Unit,0.0,31.0,2022,Azerbaijan Grand Prix,Race
24,G ZHOU,ZHO,zhou,Alfa Romeo,b12039,alfa,Guanyu,Zhou,Guanyu Zhou,https://www.formula1.com/content/dam/fom-website/drivers/G/GUAZHO01_Guanyu_Zhou/guazho01.png.transform/1col/image.png,CHN,18.0,R,14.0,,,,,Hydraulics,0.0,23.0,2022,Azerbaijan Grand Prix,Race
16,C LECLERC,LEC,leclerc,Ferrari,ed1c24,ferrari,Charles,Leclerc,Charles Leclerc,https://www.formula1.com/content/dam/fom-website/drivers/C/CHALEC01_Charles_Leclerc/chalec01.png.transform/1col/image.png,MON,19.0,R,1.0,,,,,Power Unit,0.0,21.0,2022,Azerbaijan Grand Prix,Race
55,C SAINZ,SAI,sainz,Ferrari,ed1c24,ferrari,Carlos,Sainz,Carlos Sainz,https://www.formula1.com/content/dam/fom-website/drivers/C/CARSAI01_Carlos_Sainz/carsai01.png.transform/1col/image.png,ESP,20.0,R,4.0,,,,,Hydraulics,0.0,8.0,2022,Azerbaijan Grand Prix,Race
11,S PEREZ,PER,perez,Red Bull Racing,3671C6,red_bull,Sergio,Perez,Sergio Perez,https://www.formula1.com/content/dam/fom-website/drivers/S/SERPER01_Sergio_Perez/serper01.png.transform/1col/image.png,MEX,1.0,1,3.0,,,,0 days 01:32:42.436000,Finished,25.0,51.0,2023,Azerbaijan Grand Prix,Race
1,M VERSTAPPEN,VER,max_verstappen,Red Bull Racing,3671C6,red_bull,Max,Verstappen,Max Verstappen,https://www.formula1.com/content/dam/fom-website/drivers/M/MAXVER01_Max_Verstappen/maxver01.png.transform/1col/image.png,NED,2.0,2,2.0,,,,0 days 00:00:02.137000,Finished,18.0,51.0,2023,Azerbaijan Grand Prix,Race
16,C LECLERC,LEC,leclerc,Ferrari,F91536,ferrari,Charles,Leclerc,Charles Leclerc,https://www.formula1.com/content/dam/fom-website/drivers/C/CHALEC01_Charles_Leclerc/chalec01.png.transform/1col/image.png,MON,3.0,3,1.0,,,,0 days 00:00:21.217000,Finished,15.0,51.0,2023,Azerbaijan Grand Prix,Race
14,F ALONSO,ALO,alonso,Aston Martin,358C75,aston_martin,Fernando,Alonso,Fernando Alonso,https://www.formula1.com/content/dam/fom-website/drivers/F/FERALO01_Fernando_Alonso/feralo01.png.transform/1col/image.png,ESP,4.0,4,6.0,,,,0 days 00:00:22.024000,Finished,12.0,51.0,2023,Azerbaijan Grand Prix,Race
55,C SAINZ,SAI,sainz,Ferrari,F91536,ferrari,Carlos,Sainz,Carlos Sainz,https://www.formula1.com/content/dam/fom-website/drivers/C/CARSAI01_Carlos_Sainz/carsai01.png.transform/1col/image.png,ESP,5.0,5,4.0,,,,0 days 00:00:45.491000,Finished,10.0,51.0,2023,Azerbaijan Grand Prix,Race
44,L HAMILTON,HAM,hamilton,Mercedes,6CD3BF,mercedes,Lewis,Hamilton,Lewis Hamilton,https://www.formula1.com/content/dam/fom-website/drivers/L/LEWHAM01_Lewis_Hamilton/lewham01.png.transform/1col/image.png,GBR,6.0,6,5.0,,,,0 days 00:00:46.145000,Finished,8.0,51.0,2023,Azerbaijan Grand Prix,Race
18,L STROLL,STR,stroll,Aston Martin,358C75,aston_martin,Lance,Stroll,Lance Stroll,https://www.formula1.com/content/dam/fom-website/drivers/L/LANSTR01_Lance_Stroll/lanstr01.png.transform/1col/image.png,CAN,7.0,7,9.0,,,,0 days 00:00:51.617000,Finished,6.0,51.0,2023,Azerbaijan Grand Prix,Race
63,G RUSSELL,RUS,russell,Mercedes,6CD3BF,mercedes,George,Russell,George Russell,https://www.formula1.com/content/dam/fom-website/drivers/G/GEORUS01_George_Russell/georus01.png.transform/1col/image.png,GBR,8.0,8,11.0,,,,0 days 00:01:14.240000,Finished,5.0,51.0,2023,Azerbaijan Grand Prix,Race
4,L NORRIS,NOR,norris,McLaren,F58020,mclaren,Lando,Norris,Lando Norris,https://www.formula1.com/content/dam/fom-website/drivers/L/LANNOR01_Lando_Norris/lannor01.png.transform/1col/image.png,GBR,9.0,9,7.0,,,,0 days 00:01:20.376000,Finished,2.0,51.0,2023,Azerbaijan Grand Prix,Race
22,Y TSUNODA,TSU,tsunoda,AlphaTauri,5E8FAA,alphatauri,Yuki,Tsunoda,Yuki Tsunoda,https://www.formula1.com/content/dam/fom-website/drivers/Y/YUKTSU01_Yuki_Tsunoda/yuktsu01.png.transform/1col/image.png,JPN,10.0,10,8.0,,,,0 days 00:01:23.862000,Finished,1.0,51.0,2023,Azerbaijan Grand Prix,Race
81,O PIASTRI,PIA,piastri,McLaren,F58020,mclaren,Oscar,Piastri,Oscar Piastri,https://www.formula1.com/content/dam/fom-website/drivers/O/OSCPIA01_Oscar_Piastri/oscpia01.png.transform/1col/image.png,AUS,11.0,11,10.0,,,,0 days 00:01:26.501000,Finished,0.0,51.0,2023,Azerbaijan Grand Prix,Race
23,A ALBON,ALB,albon,Williams,37BEDD,williams,Alexander,Albon,Alexander Albon,https://www.formula1.com/content/dam/fom-website/drivers/A/ALEALB01_Alexander_Albon/alealb01.png.transform/1col/image.png,THA,12.0,12,12.0,,,,0 days 00:01:28.623000,Finished,0.0,51.0,2023,Azerbaijan Grand Prix,Race
20,K MAGNUSSEN,MAG,kevin_magnussen,Haas F1 Team,B6BABD,haas,Kevin,Magnussen,Kevin Magnussen,https://www.formula1.com/content/dam/fom-website/drivers/K/KEVMAG01_Kevin_Magnussen/kevmag01.png.transform/1col/image.png,DEN,13.0,13,16.0,,,,0 days 00:01:29.729000,Finished,0.0,51.0,2023,Azerbaijan Grand Prix,Race
10,P GASLY,GAS,gasly,Alpine,2293D1,alpine,Pierre,Gasly,Pierre Gasly,https://www.formula1.com/content/dam/fom-website/drivers/P/PIEGAS01_Pierre_Gasly/piegas01.png.transform/1col/image.png,FRA,14.0,14,17.0,,,,0 days 00:01:31.332000,Finished,0.0,51.0,2023,Azerbaijan Grand Prix,Race
31,E OCON,OCO,ocon,Alpine,2293D1,alpine,Esteban,Ocon,Esteban Ocon,https://www.formula1.com/content/dam/fom-website/drivers/E/ESTOCO01_Esteban_Ocon/estoco01.png.transform/1col/image.png,FRA,15.0,15,19.0,,,,0 days 00:01:37.794000,Finished,0.0,51.0,2023,Azerbaijan Grand Prix,Race
2,L SARGEANT,SAR,sargeant,Williams,37BEDD,williams,Logan,Sargeant,Logan Sargeant,https://www.formula1.com/content/dam/fom-website/drivers/L/LOGSAR01_Logan_Sargeant/logsar01.png.transform/1col/image.png,USA,16.0,16,14.0,,,,0 days 00:01:40.943000,Finished,0.0,51.0,2023,Azerbaijan Grand Prix,Race
27,N HULKENBERG,HUL,hulkenberg,Haas F1 Team,B6BABD,haas,Nico,Hulkenberg,Nico Hulkenberg,https://www.formula1.com/content/dam/fom-website/drivers/N/NICHUL01_Nico_Hulkenberg/nichul01.png.transform/1col/image.png,GER,17.0,17,20.0,,,,0 days 00:00:09.937000,Lapped,0.0,50.0,2023,Azerbaijan Grand Prix,Race
77,V BOTTAS,BOT,bottas,Alfa Romeo,C92D4B,alfa,Valtteri,Bottas,Valtteri Bottas,https://www.formula1.com/content/dam/fom-website/drivers/V/VALBOT01_Valtteri_Bottas/valbot01.png.transform/1col/image.png,FIN,18.0,18,13.0,,,,0 days 00:00:19.098000,Lapped,0.0,50.0,2023,Azerbaijan Grand Prix,Race
24,G ZHOU,ZHO,zhou,Alfa Romeo,C92D4B,alfa,Guanyu,Zhou,Guanyu Zhou,https://www.formula1.com/content/dam/fom-website/drivers/G/GUAZHO01_Guanyu_Zhou/guazho01.png.transform/1col/image.png,CHN,19.0,R,15.0,,,,,Retired,0.0,36.0,2023,Azerbaijan Grand Prix,Race
21,N DE VRIES,DEV,de_vries,AlphaTauri,5E8FAA,alphatauri,Nyck,De Vries,Nyck De Vries,https://www.formula1.com/content/dam/fom-website/drivers/N/NYCDEV01_Nyck_De%20Vries/nycdev01.png.transform/1col/image.png,NED,20.0,R,18.0,,,,,Retired,0.0,9.0,2023,Azerbaijan Grand Prix,Race
81,O PIASTRI,PIA,piastri,McLaren,FF8000,mclaren,Oscar,Piastri,Oscar Piastri,https://media.formula1.com/d_driver_fallback_image.png/content/dam/fom-website/drivers/O/OSCPIA01_Oscar_Piastri/oscpia01.png.transform/1col/image.png,AUS,1.0,1,2.0,,,,0 days 01:32:58.007000,Finished,25.0,51.0,2024,Azerbaijan Grand Prix,Race
16,C LECLERC,LEC,leclerc,Ferrari,E80020,ferrari,Charles,Leclerc,Charles Leclerc,https://media.formula1.com/d_driver_fallback_image.png/content/dam/fom-website/drivers/C/CHALEC01_Charles_Leclerc/chalec01.png.transform/1col/image.png,MON,2.0,2,1.0,,,,0 days 00:00:10.910000,Finished,18.0,51.0,2024,Azerbaijan Grand Prix,Race
63,G RUSSELL,RUS,russell,Mercedes,27F4D2,mercedes,George,Russell,George Russell,https://media.formula1.com/d_driver_fallback_image.png/content/dam/fom-website/drivers/G/GEORUS01_George_Russell/georus01.png.transform/1col/image.png,GBR,3.0,3,5.0,,,,0 days 00:00:31.328000,Finished,15.0,51.0,2024,Azerbaijan Grand Prix,Race
4,L NORRIS,NOR,norris,McLaren,FF8000,mclaren,Lando,Norris,Lando Norris,https://media.formula1.com/d_driver_fallback_image.png/content/dam/fom-website/drivers/L/LANNOR01_Lando_Norris/lannor01.png.transform/1col/image.png,GBR,4.0,4,15.0,,,,0 days 00:00:36.143000,Finished,13.0,51.0,2024,Azerbaijan Grand Prix,Race
1,M VERSTAPPEN,VER,max_verstappen,Red Bull Racing,3671C6,red_bull,Max,Verstappen,Max Verstappen,https://media.formula1.com/d_driver_fallback_image.png/content/dam/fom-website/drivers/M/MAXVER01_Max_Verstappen/maxver01.png.transform/1col/image.png,NED,5.0,5,6.0,,,,0 days 00:01:17.098000,Finished,10.0,51.0,2024,Azerbaijan Grand Prix,Race
14,F ALONSO,ALO,alonso,Aston Martin,229971,aston_martin,Fernando,Alonso,Fernando Alonso,https://media.formula1.com/d_driver_fallback_image.png/content/dam/fom-website/drivers/F/FERALO01_Fernando_Alonso/feralo01.png.transform/1col/image.png,ESP,6.0,6,7.0,,,,0 days 00:01:25.468000,Finished,8.0,51.0,2024,Azerbaijan Grand Prix,Race
23,A ALBON,ALB,albon,Williams,64C4FF,williams,Alexander,Albon,Alexander Albon,https://media.formula1.com/d_driver_fallback_image.png/content/dam/fom-website/drivers/A/ALEALB01_Alexander_Albon/alealb01.png.transform/1col/image.png,THA,7.0,7,9.0,,,,0 days 00:01:27.396000,Finished,6.0,51.0,2024,Azerbaijan Grand Prix,Race
43,F COLAPINTO,COL,colapinto,Williams,64C4FF,williams,Franco,Colapinto,Franco Colapinto,None,ARG,8.0,8,8.0,,,,0 days 00:01:29.541000,Finished,4.0,51.0,2024,Azerbaijan Grand Prix,Race
44,L HAMILTON,HAM,hamilton,Mercedes,27F4D2,mercedes,Lewis,Hamilton,Lewis Hamilton,https://media.formula1.com/d_driver_fallback_image.png/content/dam/fom-website/drivers/L/LEWHAM01_Lewis_Hamilton/lewham01.png.transform/1col/image.png,GBR,9.0,9,19.0,,,,0 days 00:01:32.401000,Finished,2.0,51.0,2024,Azerbaijan Grand Prix,Race
50,O BEARMAN,BEA,bearman,Haas F1 Team,B6BABD,haas,Oliver,Bearman,Oliver Bearman,None,GBR,10.0,10,10.0,,,,0 days 00:01:33.127000,Finished,1.0,51.0,2024,Azerbaijan Grand Prix,Race
27,N HULKENBERG,HUL,hulkenberg,Haas F1 Team,B6BABD,haas,Nico,Hulkenberg,Nico Hulkenberg,https://media.formula1.com/d_driver_fallback_image.png/content/dam/fom-website/drivers/N/NICHUL01_Nico_Hulkenberg/nichul01.png.transform/1col/image.png,GER,11.0,11,12.0,,,,0 days 00:01:33.465000,Finished,0.0,51.0,2024,Azerbaijan Grand Prix,Race
10,P GASLY,GAS,gasly,Alpine,0093cc,alpine,Pierre,Gasly,Pierre Gasly,https://media.formula1.com/d_driver_fallback_image.png/content/dam/fom-website/drivers/P/PIEGAS01_Pierre_Gasly/piegas01.png.transform/1col/image.png,FRA,12.0,12,18.0,,,,0 days 00:01:57.189000,Finished,0.0,51.0,2024,Azerbaijan Grand Prix,Race
3,D RICCIARDO,RIC,ricciardo,RB,6692FF,rb,Daniel,Ricciardo,Daniel Ricciardo,https://media.formula1.com/d_driver_fallback_image.png/content/dam/fom-website/drivers/D/DANRIC01_Daniel_Ricciardo/danric01.png.transform/1col/image.png,AUS,13.0,13,14.0,,,,0 days 00:02:26.907000,Finished,0.0,51.0,2024,Azerbaijan Grand Prix,Race
24,G ZHOU,ZHO,zhou,Kick Sauber,52e252,sauber,Guanyu,Zhou,Guanyu Zhou,https://media.formula1.com/d_driver_fallback_image.png/content/dam/fom-website/drivers/G/GUAZHO01_Guanyu_Zhou/guazho01.png.transform/1col/image.png,CHN,14.0,14,17.0,,,,0 days 00:02:28.841000,Finished,0.0,51.0,2024,Azerbaijan Grand Prix,Race
31,E OCON,OCO,ocon,Alpine,0093cc,alpine,Esteban,Ocon,Esteban Ocon,https://media.formula1.com/d_driver_fallback_image.png/content/dam/fom-website/drivers/E/ESTOCO01_Esteban_Ocon/estoco01.png.transform/1col/image.png,FRA,15.0,15,20.0,,,,0 days 00:00:21.344000,Lapped,0.0,50.0,2024,Azerbaijan Grand Prix,Race
77,V BOTTAS,BOT,bottas,Kick Sauber,52e252,sauber,Valtteri,Bottas,Valtteri Bottas,https://media.formula1.com/d_driver_fallback_image.png/content/dam/fom-website/drivers/V/VALBOT01_Valtteri_Bottas/valbot01.png.transform/1col/image.png,FIN,16.0,16,16.0,,,,0 days 00:00:25.395000,Lapped,0.0,50.0,2024,Azerbaijan Grand Prix,Race
11,S PEREZ,PER,perez,Red Bull Racing,3671C6,red_bull,Sergio,Perez,Sergio Perez,https://media.formula1.com/d_driver_fallback_image.png/content/dam/fom-website/drivers/S/SERPER01_Sergio_Perez/serper01.png.transform/1col/image.png,MEX,17.0,17,4.0,,,,,Retired,0.0,49.0,2024,Azerbaijan Grand Prix,Race
55,C SAINZ,SAI,sainz,Ferrari,E80020,ferrari,Carlos,Sainz,Carlos Sainz,https://media.formula1.com/d_driver_fallback_image.png/content/dam/fom-website/drivers/C/CARSAI01_Carlos_Sainz/carsai01.png.transform/1col/image.png,ESP,18.0,18,3.0,,,,,Retired,0.0,49.0,2024,Azerbaijan Grand Prix,Race
18,L STROLL,STR,stroll,Aston Martin,229971,aston_martin,Lance,Stroll,Lance Stroll,https://media.formula1.com/d_driver_fallback_image.png/content/dam/fom-website/drivers/L/LANSTR01_Lance_Stroll/lanstr01.png.transform/1col/image.png,CAN,19.0,19,13.0,,,,,Retired,0.0,45.0,2024,Azerbaijan Grand Prix,Race
22,Y TSUNODA,TSU,tsunoda,RB,6692FF,rb,Yuki,Tsunoda,Yuki Tsunoda,https://media.formula1.com/d_driver_fallback_image.png/content/dam/fom-website/drivers/Y/YUKTSU01_Yuki_Tsunoda/yuktsu01.png.transform/1col/image.png,JPN,20.0,R,11.0,,,,,Retired,0.0,14.0,2024,Azerbaijan Grand Prix,Race
1,M VERSTAPPEN,VER,max_verstappen,Red Bull Racing,4781D7,red_bull,Max,Verstappen,Max Verstappen,https://media.formula1.com/d_driver_fallback_image.png/content/dam/fom-website/drivers/M/MAXVER01_Max_Verstappen/maxver01.png.transform/1col/image.png,,1.0,1,1.0,,,,0 days 01:33:26.408000,Finished,25.0,51.0,2025,Azerbaijan Grand Prix,Race
63,G RUSSELL,RUS,russell,Mercedes,00D7B6,mercedes,George,Russell,George Russell,https://media.formula1.com/d_driver_fallback_image.png/content/dam/fom-website/drivers/G/GEORUS01_George_Russell/georus01.png.transform/1col/image.png,,2.0,2,5.0,,,,0 days 00:00:14.609000,Finished,18.0,51.0,2025,Azerbaijan Grand Prix,Race
55,C SAINZ,SAI,sainz,Williams,1868DB,williams,Carlos,Sainz,Carlos Sainz,https://media.formula1.com/d_driver_fallback_image.png/content/dam/fom-website/drivers/C/CARSAI01_Carlos_Sainz/carsai01.png.transform/1col/image.png,,3.0,3,2.0,,,,0 days 00:00:19.199000,Finished,15.0,51.0,2025,Azerbaijan Grand Prix,Race
12,K ANTONELLI,ANT,antonelli,Mercedes,00D7B6,mercedes,Kimi,Antonelli,Kimi Antonelli,https://media.formula1.com/d_driver_fallback_image.png/content/dam/fom-website/drivers/A/ANDANT01_Andrea%20Kimi_Antonelli/andant01.png.transform/1col/image.png,,4.0,4,4.0,,,,0 days 00:00:21.760000,Finished,12.0,51.0,2025,Azerbaijan Grand Prix,Race
30,L LAWSON,LAW,lawson,Racing Bulls,6C98FF,rb,Liam,Lawson,Liam Lawson,https://media.formula1.com/d_driver_fallback_image.png/content/dam/fom-website/drivers/L/LIALAW01_Liam_Lawson/lialaw01.png.transform/1col/image.png,,5.0,5,3.0,,,,0 days 00:00:33.290000,Finished,10.0,51.0,2025,Azerbaijan Grand Prix,Race
22,Y TSUNODA,TSU,tsunoda,Red Bull Racing,4781D7,red_bull,Yuki,Tsunoda,Yuki Tsunoda,https://media.formula1.com/d_driver_fallback_image.png/content/dam/fom-website/drivers/Y/YUKTSU01_Yuki_Tsunoda/yuktsu01.png.transform/1col/image.png,,6.0,6,6.0,,,,0 days 00:00:33.808000,Finished,8.0,51.0,2025,Azerbaijan Grand Prix,Race
4,L NORRIS,NOR,norris,McLaren,F47600,mclaren,Lando,Norris,Lando Norris,https://media.formula1.com/d_driver_fallback_image.png/content/dam/fom-website/drivers/L/LANNOR01_Lando_Norris/lannor01.png.transform/1col/image.png,,7.0,7,7.0,,,,0 days 00:00:34.227000,Finished,6.0,51.0,2025,Azerbaijan Grand Prix,Race
44,L HAMILTON,HAM,hamilton,Ferrari,ED1131,ferrari,Lewis,Hamilton,Lewis Hamilton,https://media.formula1.com/d_driver_fallback_image.png/content/dam/fom-website/drivers/L/LEWHAM01_Lewis_Hamilton/lewham01.png.transform/1col/image.png,,8.0,8,12.0,,,,0 days 00:00:36.310000,Finished,4.0,51.0,2025,Azerbaijan Grand Prix,Race
16,C LECLERC,LEC,leclerc,Ferrari,ED1131,ferrari,Charles,Leclerc,Charles Leclerc,https://media.formula1.com/d_driver_fallback_image.png/content/dam/fom-website/drivers/C/CHALEC01_Charles_Leclerc/chalec01.png.transform/1col/image.png,,9.0,9,10.0,,,,0 days 00:00:36.774000,Finished,2.0,51.0,2025,Azerbaijan Grand Prix,Race
6,I HADJAR,HAD,hadjar,Racing Bulls,6C98FF,rb,Isack,Hadjar,Isack Hadjar,https://media.formula1.com/d_driver_fallback_image.png/content/dam/fom-website/drivers/I/ISAHAD01_Isack_Hadjar/isahad01.png.transform/1col/image.png,,10.0,10,8.0,,,,0 days 00:00:38.982000,Finished,1.0,51.0,2025,Azerbaijan Grand Prix,Race
5,G BORTOLETO,BOR,bortoleto,Kick Sauber,01C00E,sauber,Gabriel,Bortoleto,Gabriel Bortoleto,https://media.formula1.com/d_driver_fallback_image.png/content/dam/fom-website/drivers/G/GABBOR01_Gabriel_Bortoleto/gabbor01.png.transform/1col/image.png,,11.0,11,13.0,,,,0 days 00:01:07.606000,Finished,0.0,51.0,2025,Azerbaijan Grand Prix,Race
87,O BEARMAN,BEA,bearman,Haas F1 Team,9C9FA2,haas,Oliver,Bearman,Oliver Bearman,https://media.formula1.com/d_driver_fallback_image.png/content/dam/fom-website/drivers/O/OLIBEA01_Oliver_Bearman/olibea01.png.transform/1col/image.png,,12.0,12,15.0,,,,0 days 00:01:08.262000,Finished,0.0,51.0,2025,Azerbaijan Grand Prix,Race
23,A ALBON,ALB,albon,Williams,1868DB,williams,Alexander,Albon,Alexander Albon,https://media.formula1.com/d_driver_fallback_image.png/content/dam/fom-website/drivers/A/ALEALB01_Alexander_Albon/alealb01.png.transform/1col/image.png,,13.0,13,19.0,,,,0 days 00:01:12.870000,Finished,0.0,51.0,2025,Azerbaijan Grand Prix,Race
31,E OCON,OCO,ocon,Haas F1 Team,9C9FA2,haas,Esteban,Ocon,Esteban Ocon,https://media.formula1.com/d_driver_fallback_image.png/content/dam/fom-website/drivers/E/ESTOCO01_Esteban_Ocon/estoco01.png.transform/1col/image.png,,14.0,14,20.0,,,,0 days 00:01:17.580000,Finished,0.0,51.0,2025,Azerbaijan Grand Prix,Race
14,F ALONSO,ALO,alonso,Aston Martin,229971,aston_martin,Fernando,Alonso,Fernando Alonso,https://media.formula1.com/d_driver_fallback_image.png/content/dam/fom-website/drivers/F/FERALO01_Fernando_Alonso/feralo01.png.transform/1col/image.png,,15.0,15,11.0,,,,0 days 00:01:18.707000,Finished,0.0,51.0,2025,Azerbaijan Grand Prix,Race
27,N HULKENBERG,HUL,hulkenberg,Kick Sauber,01C00E,sauber,Nico,Hulkenberg,Nico Hulkenberg,https://media.formula1.com/d_driver_fallback_image.png/content/dam/fom-website/drivers/N/NICHUL01_Nico_Hulkenberg/nichul01.png.transform/1col/image.png,,16.0,16,17.0,,,,0 days 00:01:20.237000,Finished,0.0,51.0,2025,Azerbaijan Grand Prix,Race
18,L STROLL,STR,stroll,Aston Martin,229971,aston_martin,Lance,Stroll,Lance Stroll,https://media.formula1.com/d_driver_fallback_image.png/content/dam/fom-website/drivers/L/LANSTR01_Lance_Stroll/lanstr01.png.transform/1col/image.png,,17.0,17,14.0,,,,0 days 00:01:36.392000,Finished,0.0,51.0,2025,Azerbaijan Grand Prix,Race
10,P GASLY,GAS,gasly,Alpine,00A1E8,alpine,Pierre,Gasly,Pierre Gasly,https://media.formula1.com/d_driver_fallback_image.png/content/dam/fom-website/drivers/P/PIEGAS01_Pierre_Gasly/piegas01.png.transform/1col/image.png,,18.0,18,18.0,,,,0 days 00:00:03.865000,Lapped,0.0,50.0,2025,Azerbaijan Grand Prix,Race
43,F COLAPINTO,COL,colapinto,Alpine,00A1E8,alpine,Franco,Colapinto,Franco Colapinto,None,,19.0,19,16.0,,,,0 days 00:00:06.325000,Lapped,0.0,50.0,2025,Azerbaijan Grand Prix,Race
81,O PIASTRI,PIA,piastri,McLaren,F47600,mclaren,Oscar,Piastri,Oscar Piastri,https://media.formula1.com/d_driver_fallback_image.png/content/dam/fom-website/drivers/O/OSCPIA01_Oscar_Piastri/oscpia01.png.transform/1col/image.png,,20.0,R,9.0,,,,,Retired,0.0,0.0,2025,Azerbaijan Grand Prix,Race
