Abbreviation,FullName,TeamName,Position,DriverNumber,Q1,Q2,Q3,Year,Race,Session,GridPosition,Status
VER,Max Verstappen,Red Bull Racing,1,3,1:36.477,1:35.696,1:35.130,2026,Malaysian Grand Prix,Qualifying,1,Finished
HAM,Lewis Hamilton,Ferrari,2,44,1:36.595,1:36.032,1:35.428,2026,Malaysian Grand Prix,Qualifying,2,Finished
HAD,Isack Hadjar,Red Bull Racing,3,6,1:36.898,1:36.192,1:35.558,2026,Malaysian Grand Prix,Qualifying,3,Finished
ANT,Kimi Antonelli,Mercedes,4,12,1:37.041,1:35.959,1:35.631,2026,Malaysian Grand Prix,Qualifying,4,Finished
LEC,Charles Leclerc,Ferrari,5,16,1:36.730,1:35.970,1:35.666,2026,Malaysian Grand Prix,Qualifying,5,Finished
NOR,Lando Norris,McLaren,6,1,1:37.092,1:36.173,1:35.757,2026,Malaysian Grand Prix,Qualifying,6,Finished
PIA,Oscar Piastri,McLaren,7,81,1:36.852,1:36.020,1:35.762,2026,Malaysian Grand Prix,Qualifying,7,Finished
RUS,George Russell,Mercedes,8,63,1:37.264,1:36.245,1:35.871,2026,Malaysian Grand Prix,Qualifying,8,Finished
GAS,Pierre Gasly,Alpine,9,10,1:37.174,1:36.410,1:37.210,2026,Malaysian Grand Prix,Qualifying,9,Finished
BOR,Gabriel Bortoleto,Audi,10,5,1:37.106,1:36.814,1:37.673,2026,Malaysian Grand Prix,Qualifying,10,Finished
LAW,Liam Lawson,Racing Bulls,11,30,1:37.332,1:37.023,,2026,Malaysian Grand Prix,Qualifying,11,Finished
ALO,Fernando Alonso,Aston Martin,12,14,1:37.721,1:37.220,,2026,Malaysian Grand Prix,Qualifying,12,Finished
SAI,Carlos Sainz,Williams,13,55,1:37.651,1:37.527,,2026,Malaysian Grand Prix,Qualifying,13,Finished
STR,Lance Stroll,Aston Martin,14,18,1:37.729,1:37.566,,2026,Malaysian Grand Prix,Qualifying,14,Finished
COL,Franco Colapinto,Alpine,15,43,1:37.179,DNF,,2026,Malaysian Grand Prix,Qualifying,15,DNF
LIN,Arvid Lindblad,Racing Bulls,16,41,1:37.883,DNF,,2026,Malaysian Grand Prix,Qualifying,16,DNF
HUL,Nico Hulkenberg,Audi,17,27,1:37.970,,,2026,Malaysian Grand Prix,Qualifying,17,Finished
BEA,Oliver Bearman,Haas F1 Team,18,87,1:37.980,,,2026,Malaysian Grand Prix,Qualifying,18,Finished
OCO,Esteban Ocon,Haas F1 Team,19,31,1:38.233,,,2026,Malaysian Grand Prix,Qualifying,19,Finished
ALB,Alexander Albon,Williams,20,23,1:38.600,,,2026,Malaysian Grand Prix,Qualifying,20,Finished
BOT,Valtteri Bottas,Cadillac,21,77,1:38.611,,,2026,Malaysian Grand Prix,Qualifying,21,Finished
PER,Sergio Perez,Cadillac,22,11,1:38.933,,,2026,Malaysian Grand Prix,Qualifying,22,Finished
